<?xml version="1.0" encoding="UTF-8" standalone="yes"?>
<addon id="plugin.video.WizardJHG" <!-- NOMBRE DEL ADDON WIZARD -->
	   name="WizardJHG" <!-- NOMBRE DEL WIZARD -->
	   version="2.0.0" <!-- VERSION DEL WIZARD -->
	   provider-name="WizardJHG"> <!-- CREADOR WIZARD -->
  <requires>
    <import addon="xbmc.python" version="2.1.0"/>
  </requires>
  <extension point="xbmc.python.pluginsource" library="default.py">
        <provides>executable</provides>
  </extension>
  <extension point="xbmc.addon.metadata">
    <summary>Wizard</summary>
    <description>Instalador inteligente que ayuda a configurar tu Kodi correctamente, para el Disfrute de toda la familia</description> <!-- PEQUEÑA INTRO  -->
    <platform>all</platform>
  </extension>
</addon>

